alpha,precision_10,recall_10,mrr,ndcg_10,num_users
0.0,0.132,0.21599999999999997,0.28290391975174584,0.48707257399112286,50
0.3,0.13,0.20980952380952378,0.2784088490329909,0.4778702109471282,50
0.5,0.128,0.20695238095238092,0.2702285388903036,0.48032768273995674,50
0.7,0.128,0.20664285714285716,0.2769486161986162,0.48051454423361306,50
0.9,0.12399999999999999,0.20128571428571426,0.2755312788907149,0.4740949138102758,50
1.0,0.12399999999999999,0.20128571428571426,0.27491957807003575,0.4736851959192864,50
